School Name,Nickname,Mascot,Conference
"Abilene Christian","ACU","Wildcats","Western Athletic Conference"
"Air Force","Air Force","Falcons","Mountain West Conference"
"Akron","Akron","Zips","Mid-American Conference"
"Alabama A&M","Alabama A&M","Bulldogs","Southwestern Athletic Conference"
"Alabama State","Alabama State","Hornets","Southwestern Athletic Conference"
"Albany","Albany","Great Danes","America East Conference"
"Alcorn State","Alcorn State","Braves","Southwestern Athletic Conference"
"American","American","Eagles","Patriot League"
"Appalachian State","App State","Mountaineers","Sun Belt Conference"
"Arizona State University","ASU","Sun Devils","Big 12 Conference"
"Arkansas State","Arkansas State","Red Wolves","Sun Belt Conference"
"Arkansas-Pine Bluff","UAPB","Golden Lions","Southwestern Athletic Conference"
"Army","Army","Black Knights","Patriot League"
"Auburn University","Auburn","Tigers","Southeastern Conference"
"Austin Peay","Austin Peay","Governors","ASUN Conference"
"Ball State","Ball State","Cardinals","Mid-American Conference"
"Baylor University","Baylor","Bears","Big 12 Conference"
"Bellarmine","Bellarmine","Knights","ASUN Conference"
"Belmont","Belmont","Bruins","Missouri Valley Conference"
"Bethune-Cookman","Bethune Cookman","Wildcats","Southwestern Athletic Conference"
"Binghamton","Binghamton","Bearcats","America East Conference"
"Boise State","Boise State","Broncos","Mountain West Conference"
"Boston College","BC","Eagles","Atlantic Coast Conference"
"Boston University","BU","Terriers","Patriot League"
"Bowling Green","BGSU","Falcons","Mid-American Conference"
"Bradley","Bradley","Braves","Missouri Valley Conference"
"Brigham Young University","BYU","Cougars","Big 12 Conference"
"Brown","Brown","Bears","Ivy League"
"Bryant","Bryant","Bulldogs","America East Conference"
"Bucknell","Bucknell","Bison","Patriot League"
"Buffalo","Buffalo","Bulls","Mid-American Conference"
"Butler University","Butler","Bulldogs","Big East Conference"
"Cal Poly","Cal Poly","Mustangs","Big West Conference"
"Cal State Bakersfield","CSUB","Roadrunners","Big West Conference"
"Cal State Fullerton","CSUF","Titans","Big West Conference"
"Cal State Northridge","CSUN","Matadors","Big West Conference"
"California Baptist","CBU","Lancers","Western Athletic Conference"
"Campbell","Campbell","Fighting Camels","Coastal Athletic Association"
"Campbell","Campbell","Fighting Camels","Big South Conference"
"Canisius","Canisius","Golden Griffins","Metro Atlantic Athletic Conference"
"Central Arkansas","UCA","Bears","ASUN Conference"
"Central Connecticut","CCSU","Blue Devils","Northeast Conference"
"Central Michigan","CMU","Chippewas","Mid-American Conference"
"Charleston","CofC","Cougars","Coastal Athletic Association"
"Charleston Southern","CSU","Buccaneers","Big South Conference"
"Charlotte 49ers","Charlotte","49ers","American Athletic Conference"
"Chattanooga","Chattanooga","Mocs","Southern Conference"
"Citadel","The Citadel","Bulldogs","Southern Conference"
"Clemson University","Clemson","Tigers","Atlantic Coast Conference"
"Cleveland State","CSU","Vikings","Horizon League"
"Coastal Carolina","Coastal","Chanticleers","Sun Belt Conference"
"Colgate","Colgate","Raiders","Patriot League"
"Colorado State","Colorado State","Rams","Mountain West Conference"
"Columbia","Columbia","Lions","Ivy League"
"Coppin State","Coppin State","Eagles","Mid-Eastern Athletic Conference"
"Cornell","Cornell","Big Red","Ivy League"
"Creighton University","Creighton","Bluejays","Big East Conference"
"Dartmouth","Dartmouth","Big Green","Ivy League"
"Davidson","Davidson","Wildcats","Atlantic 10 Conference"
"Dayton","Dayton","Flyers","Atlantic 10 Conference"
"Delaware","Delaware","Fightin Blue Hens","Coastal Athletic Association"
"Delaware State","Delaware State","Hornets","Mid-Eastern Athletic Conference"
"Denver","Denver","Pioneers","Summit League"
"DePaul University","DePaul","Blue Demons","Big East Conference"
"Detroit Mercy","Detroit Mercy","Titans","Horizon League"
"Drake","Drake","Bulldogs","Missouri Valley Conference"
"Drexel","Drexel","Dragons","Coastal Athletic Association"
"Duke University","Duke","Blue Devils","Atlantic Coast Conference"
"Duquesne University","Duquesne","Dukes","Atlantic 10 Conference"
"East Carolina University","ECU","Pirates","American Athletic Conference"
"East Tennessee State","ETSU","Buccaneers","Southern Conference"
"Eastern Illinois","EIU","Panthers","Ohio Valley Conference"
"Eastern Kentucky","EKU","Colonels","ASUN Conference"
"Eastern Michigan","EMU","Eagles","Mid-American Conference"
"Eastern Washington","EWU","Eagles","Big Sky Conference"
"Elon","Elon","Phoenix","Coastal Athletic Association"
"Evansville","Evansville","Purple Aces","Missouri Valley Conference"
"Fairfield","Fairfield","Stags","Metro Atlantic Athletic Conference"
"Fairleigh Dickinson","FDU","Knights","Northeast Conference"
"Florida Atlantic University","FAU","Owls","American Athletic Conference"
"Florida Gulf Coast","FGCU","Eagles","ASUN Conference"
"Florida International University","FIU","Panthers","Conference USA"
"Florida State University","FSU","Seminoles","Atlantic Coast Conference"
"Fordham","Fordham","Rams","Atlantic 10 Conference"
"Fresno State","Fresno State","Bulldogs","Mountain West Conference"
"Furman","Furman","Paladins","Southern Conference"
"Gardner-Webb","Gardner Webb","Runnin Bulldogs","Big South Conference"
"George Mason","George Mason","Patriots","Atlantic 10 Conference"
"George Washington","GW","Colonials","Atlantic 10 Conference"
"Georgetown University","Georgetown","Hoyas","Big East Conference"
"Georgia Institute of Technology","GT","Yellow Jackets","Atlantic Coast Conference"
"Georgia Southern","Georgia Southern","Eagles","Sun Belt Conference"
"Georgia State","Georgia State","Panthers","Sun Belt Conference"
"Gonzaga","Gonzaga","Bulldogs","West Coast Conference"
"Grambling State","Grambling State","Tigers","Southwestern Athletic Conference"
"Grand Canyon","GCU","Antelopes","Western Athletic Conference"
"Green Bay","Green Bay","Phoenix","Horizon League"
"Hampton","Hampton","Pirates","Coastal Athletic Association"
"Hartford University","Hartford","Hawks","America East Conference"
"Harvard","Harvard","Crimson","Ivy League"
"Hawai'i","Hawai'i","Rainbow Warriors","Mountain West Conference"
"Hawaii","Hawaii","Rainbow Warriors","Big West Conference"
"High Point","High Point","Panthers","Big South Conference"
"Hofstra","Hofstra","Pride","Coastal Athletic Association"
"Holy Cross","Holy Cross","Crusaders","Patriot League"
"Houston Christian","HCU","Huskies","Southland Conference"
"Howard","Howard","Bison","Mid-Eastern Athletic Conference"
"Idaho","Idaho","Vandals","Big Sky Conference"
"Idaho State","Idaho State","Bengals","Big Sky Conference"
"Illinois","Illinois","Fighting Illini","Big Ten Conference"
"Illinois State","Illinois State","Redbirds","Missouri Valley Conference"
"Incarnate Word","UIW","Cardinals","Southland Conference"
"Indiana","Indiana","Hoosiers","Big Ten Conference"
"Indiana State","Indiana State","Sycamores","Missouri Valley Conference"
"Iona","Iona","Gaels","Metro Atlantic Athletic Conference"
"Iowa","Iowa","Hawkeyes","Big Ten Conference"
"IUPUI","IUPUI","Jaguars","Horizon League"
"Jackson State","Jackson State","Tigers","Southwestern Athletic Conference"
"Jacksonville","JU","Dolphins","ASUN Conference"
"Jacksonville State","Jacksonville State","Gamecocks","ASUN Conference"
"Jacksonville State University","Jax State","Gamecocks","Conference USA"
"James Madison","JMU","Dukes","Sun Belt Conference"
"Kansas City","Kansas City","Roos","Summit League"
"Kansas State University","Kansas St","Wildcats","Big 12 Conference"
"Kennesaw State","Kennesaw State","Owls","ASUN Conference"
"Kent State","Kent State","Golden Flashes","Mid-American Conference"
"La Salle","La Salle","Explorers","Atlantic 10 Conference"
"Lafayette","Lafayette","Leopards","Patriot League"
"Lamar","Lamar","Cardinals","Southland Conference"
"Lehigh","Lehigh","Mountain Hawks","Patriot League"
"Liberty University","Liberty","Flames","Conference USA"
"Lindenwood","Lindenwood","Lions","Ohio Valley Conference"
"Lipscomb","Lipscomb","Bisons","ASUN Conference"
"Little Rock","Little Rock","Trojans","Ohio Valley Conference"
"LIU","LIU","Sharks","Northeast Conference"
"Long Beach State","LBSU","Beach","Big West Conference"
"Longwood","Longwood","Lancers","Big South Conference"
"Louisiana","Louisiana","Ragin Cajuns","Sun Belt Conference"
"Louisiana State University","LSU","Tigers","Southeastern Conference"
"Louisiana Tech University","La Tech","Bulldogs","Conference USA"
"Loyola Chicago","Loyola Chicago","Ramblers","Atlantic 10 Conference"
"Loyola Maryland","Loyola","Greyhounds","Patriot League"
"Loyola Marymount","LMU","Lions","West Coast Conference"
"Maine","Maine","Black Bears","America East Conference"
"Manhattan","Manhattan","Jaspers","Metro Atlantic Athletic Conference"
"Marist","Marist","Red Foxes","Metro Atlantic Athletic Conference"
"Marquette University","Marquette","Golden Eagles","Big East Conference"
"Marshall","Marshall","Thundering Herd","Sun Belt Conference"
"Maryland Eastern Shore","UMES","Hawks","Mid-Eastern Athletic Conference"
"Massachusetts","UMass","Minutemen","Atlantic 10 Conference"
"McNeese State","McNeese","Cowboys","Southland Conference"
"Mercer","Mercer","Bears","Southern Conference"
"Merrimack","Merrimack","Warriors","Northeast Conference"
"Miami","Miami (OH)","RedHawks","Mid-American Conference"
"Michigan","Michigan","Wolverines","Big Ten Conference"
"Michigan State","Michigan St","Spartans","Big Ten Conference"
"Middle Tennessee State University","Middle Tennessee","Blue Raiders","Conference USA"
"Milwaukee","Milwaukee","Panthers","Horizon League"
"Minnesota","Minnesota","Golden Gophers","Big Ten Conference"
"Mississippi State University","Miss St","Bulldogs","Southeastern Conference"
"Mississippi Valley State","MVSU","Delta Devils","Southwestern Athletic Conference"
"Missouri State","Missouri State","Bears","Missouri Valley Conference"
"Monmouth","Monmouth","Hawks","Coastal Athletic Association"
"Montana","Montana","Grizzlies","Big Sky Conference"
"Montana State","Montana State","Bobcats","Big Sky Conference"
"Morehead State","Morehead State","Eagles","Ohio Valley Conference"
"Morgan State","Morgan State","Bears","Mid-Eastern Athletic Conference"
"Mount St. Mary's","Mt. St. Marys","Mountaineers","Metro Atlantic Athletic Conference"
"Murray State","Murray State","Racers","Missouri Valley Conference"
"Navy","Navy","Midshipmen","Patriot League"
"Navy","Navy","Midshipmen","American Athletic Conference"
"Nebraska","Nebraska","Cornhuskers","Big Ten Conference"
"Nevada","Nevada","Wolf Pack","Mountain West Conference"
"New Hampshire","UNH","Wildcats","America East Conference"
"New Mexico","New Mexico","Lobos","Mountain West Conference"
"New Mexico State University","NMSU","Aggies","Conference USA"
"New Orleans","UNO","Privateers","Southland Conference"
"Niagara","Niagara","Purple Eagles","Metro Atlantic Athletic Conference"
"Nicholls State","Nicholls","Colonels","Southland Conference"
"NJIT","NJIT","Highlanders","America East Conference"
"Norfolk State","Norfolk State","Spartans","Mid-Eastern Athletic Conference"
"North Alabama","UNA","Lions","ASUN Conference"
"North Carolina A&T","NC A&T","Aggies","Coastal Athletic Association"
"North Carolina Central","NCCU","Eagles","Mid-Eastern Athletic Conference"
"North Carolina State University","NC State","Wolfpack","Atlantic Coast Conference"
"North Dakota","North Dakota","Fighting Hawks","Summit League"
"North Dakota State","NDSU","Bison","Summit League"
"Northern Arizona","NAU","Lumberjacks","Big Sky Conference"
"Northern Colorado","Northern Colorado","Bears","Big Sky Conference"
"Northern Illinois","NIU","Huskies","Mid-American Conference"
"Northern Iowa","UNI","Panthers","Missouri Valley Conference"
"Northern Kentucky","NKU","Norse","Horizon League"
"Northwestern","Northwestern","Wildcats","Big Ten Conference"
"Northwestern State","Northwestern State","Demons","Southland Conference"
"Oakland","Oakland","Golden Grizzlies","Horizon League"
"Ohio","Ohio","Bobcats","Mid-American Conference"
"Ohio State","Ohio State","Buckeyes","Big Ten Conference"
"Oklahoma State University","Oklahoma State","Cowboys","Big 12 Conference"
"Old Dominion","ODU","Monarchs","Sun Belt Conference"
"Omaha","Omaha","Mavericks","Summit League"
"Oral Roberts","ORU","Golden Eagles","Summit League"
"Oregon State University","Oregon State","Beavers","Pac-12 Conference"
"Penn State","Penn State","Nittany Lions","Big Ten Conference"
"Pepperdine","Pepperdine","Waves","West Coast Conference"
"Portland","Portland","Pilots","West Coast Conference"
"Portland State","Portland State","Vikings","Big Sky Conference"
"Prairie View A&M","Prairie View","Panthers","Southwestern Athletic Conference"
"Presbyterian","Presbyterian","Blue Hose","Big South Conference"
"Princeton","Princeton","Tigers","Ivy League"
"Providence College","Providence","Friars","Big East Conference"
"Purdue","Purdue","Boilermakers","Big Ten Conference"
"Purdue Fort Wayne","PFW","Mastodons","Horizon League"
"Queens (NC)","Queens","Royals","ASUN Conference"
"Quinnipiac","Quinnipiac","Bobcats","Metro Atlantic Athletic Conference"
"Radford","Radford","Highlanders","Big South Conference"
"Rhode Island","URI","Rams","Atlantic 10 Conference"
"Rice University","Rice","Owls","American Athletic Conference"
"Richmond","Richmond","Spiders","Atlantic 10 Conference"
"Rider","Rider","Broncs","Metro Atlantic Athletic Conference"
"Robert Morris","RMU","Colonials","Horizon League"
"Rutgers","Rutgers","Scarlet Knights","Big Ten Conference"
"Sacramento State","Sacramento State","Hornets","Big Sky Conference"
"Sacred Heart","SHU","Pioneers","Northeast Conference"
"Saint Francis","Saint Francis (PA)","Red Flash","Northeast Conference"
"Saint Joseph's","Saint Joseph's","Hawks","Atlantic 10 Conference"
"Saint Louis","SLU","Billikens","Atlantic 10 Conference"
"Saint Mary's College of California","Saint Mary's","Gaels","West Coast Conference"
"Saint Peter's","Saint Peters","Peacocks","Metro Atlantic Athletic Conference"
"Sam Houston State University","Sam Houston","Bearkats","Conference USA"
"Samford","Samford","Bulldogs","Southern Conference"
"San Diego State","San Diego State","Aztecs","Mountain West Conference"
"San José State","San José State","Spartans","Mountain West Conference"
"Santa Clara","Santa Clara","Broncos","West Coast Conference"
"Seattle","Seattle U","Redhawks","Western Athletic Conference"
"Seton Hall University","Seton Hall","Pirates","Big East Conference"
"Siena","Siena","Saints","Metro Atlantic Athletic Conference"
"South Alabama","South Alabama","Jaguars","Sun Belt Conference"
"South Carolina State","SC State","Bulldogs","Mid-Eastern Athletic Conference"
"South Dakota","South Dakota","Coyotes","Summit League"
"South Dakota State","SDSU","Jackrabbits","Summit League"
"Southeast Missouri State","SEMO","Redhawks","Ohio Valley Conference"
"Southeastern Louisiana","SLU","Lions","Southland Conference"
"Southern","Southern","Jaguars","Southwestern Athletic Conference"
"Southern Illinois","SIU","Salukis","Missouri Valley Conference"
"Southern Illinois University Edwardsville","SIUE","Cougars","Ohio Valley Conference"
"Southern Indiana","USI","Screaming Eagles","Ohio Valley Conference"
"Southern Methodist University","SMU","Mustangs","Atlantic Coast Conference"
"Southern Miss","Southern Miss","Golden Eagles","Sun Belt Conference"
"St. Bonaventure University","Bonaventure","Bonnies","West Coast Conference"
"St. John's University","St. John's","Red Storm","Big East Conference"
"St. Thomas (Minnesota)","St. Thomas","Tommies","Summit League"
"Stanford University","Stanford","Cardinal","Atlantic Coast Conference"
"Stephen F. Austin","SFA","Lumberjacks","Western Athletic Conference"
"Stetson","Stetson","Hatters","ASUN Conference"
"Stonehill","Stonehill","Skyhawks","Northeast Conference"
"Stony Brook","Stony Brook","Seawolves","Coastal Athletic Association"
"Syracuse University","Cuse","Orange","Atlantic Coast Conference"
"Tarleton","Tarleton","Texans","Western Athletic Conference"
"Temple University","Temple","Owls","American Athletic Conference"
"Tennessee State","Tennessee State","Tigers","Ohio Valley Conference"
"Tennessee Tech","Tennessee Tech","Golden Eagles","Ohio Valley Conference"
"Texas A&M University","A&M","Aggies","Southeastern Conference"
"Texas A&M-Commerce","Texas A&M Commerce","Lions","Southland Conference"
"Texas A&M-Corpus Christi","Texas A&M Corpus Christi","Islanders","Southland Conference"
"Texas Christian University","TCU","Horned Frogs","Big 12 Conference"
"Texas Southern","Texas Southern","Tigers","Southwestern Athletic Conference"
"Texas State","Texas State","Bobcats","Sun Belt Conference"
"Texas Tech University","Texas Tech","Red Raiders","Big 12 Conference"
"Toledo","Toledo","Rockets","Mid-American Conference"
"Towson","Towson","Tigers","Coastal Athletic Association"
"Troy","Troy","Trojans","Sun Belt Conference"
"Tulane University","Tulane","Green Wave","American Athletic Conference"
"UC Davis","UC Davis","Aggies","Big West Conference"
"UC Irvine","UCI","Anteaters","Big West Conference"
"UC Riverside","UCR","Highlanders","Big West Conference"
"UC San Diego","UC San Diego","Tritons","Big West Conference"
"UCSB","UCSB","Gauchos","Big West Conference"
"UMBC","UMBC","Retrievers","America East Conference"
"UNC Asheville","UNC Asheville","Bulldogs","Big South Conference"
"UNC Greensboro","UNCG","Spartans","Southern Conference"
"Univeristy of North Carolina - Ashville","UNC Ashville","Bulldogs","Big South Conference"
"University of Alabama","Alabama","Crimson Tide","Southeastern Conference"
"University of Alabama at Birmingham","UAB","Blazers","American Athletic Conference"
"University of Arizona","Arizona","Wildcats","Big 12 Conference"
"University of Arkansas","Arkansas","Razorbacks","Southeastern Conference"
"University of California - Berkley","Cal","Golden Bears","Atlantic Coast Conference"
"University of California - LA","UCLA","Bruins","Big Ten Conference"
"University of California - Santa Barbara","UCSB","Gauchos","Mountain West Conference"
"University of Central Florida","UCF","Knights","Big 12 Conference"
"University of Cincinnati","Cincy","Bearcats","Big 12 Conference"
"University of Colorado Boulder","Colorado","Buffaloes","Big 12 Conference"
"University of Connecticut","UConn","Huskies","Big East Conference"
"University of Florida","Florida","Gators","Southeastern Conference"
"University of Georgia","UGA","Bulldogs","Southeastern Conference"
"University of Houston","Houston","Cougars","Big 12 Conference"
"University of Iowa State","Iowa St.","Cyclones","Big 12 Conference"
"University of Kansas","Kansas","Jayhawks","Big 12 Conference"
"University of Kentucky","UK","Wildcats","Southeastern Conference"
"University of Louisville","Louisville","Cardinals","Atlantic Coast Conference"
"University of Maryland","UMD","Terrapins","Big Ten Conference"
"University of Memphis","Memphis","Tigers","American Athletic Conference"
"University of Miami","Maimi U","Hurricanes","Atlantic Coast Conference"
"University of Mississippi","Ole Miss","Rebels","Southeastern Conference"
"University of Missouri","Mizzou","Tigers","Southeastern Conference"
"University of North Carolina","UNC","Tar Heels","Atlantic Coast Conference"
"University of North Carolina Wilmington","UNC Wilmington","Seahawks","Coastal Athletic Association"
"University of North Texas","UNT","Mean Green","American Athletic Conference"
"University of Notre Dame","Notre Dame","Fighting Irish","Atlantic Coast Conference"
"University of Oklahoma","Oklahoma","Sooners","Southeastern Conference"
"University of Oregon","Oregon","Ducks","Big Ten Conference"
"University of Pennsylvania","Penn","Quakers","Ivy League"
"University of Pittsburgh","Pitt","Panthers","Atlantic Coast Conference"
"University of San Diego","San Diego","Toreros","West Coast Conference"
"University of San Francisco","San Francisco","Dons","West Coast Conference"
"University of South Carolina","S. Carolina","Gamecocks","Southeastern Conference"
"University of South Florida","USF","Bulls","American Athletic Conference"
"University of Southern California","USC","Trojans","Big Ten Conference"
"University of Tennessee","Tennessee","Volunteers","Southeastern Conference"
"University of Texas","Texas","Longhorns","Southeastern Conference"
"University of Texas at El Paso","UTEP","Miners","Conference USA"
"University of the Pacific","Pacific","Tigers","West Coast Conference"
"University of Tulsa","Tulsa","Golden Hurricane","American Athletic Conference"
"University of Utah","Utah","Utes","Big 12 Conference"
"University of Virginia","UVA","Cavaliers","Atlantic Coast Conference"
"University of Washington","UW","Huskies","Big Ten Conference"
"UNLV","UNLV","Rebels","Mountain West Conference"
"USC Upstate","USC Upstate","Spartans","Big South Conference"
"UT Martin","UTM","Skyhawks","Ohio Valley Conference"
"Utah State","Utah State","Aggies","Mountain West Conference"
"Utah Tech","Utah Tech","Trailblazers","Western Athletic Conference"
"Utah Valley","UVU","Wolverines","Western Athletic Conference"
"Valparaiso","Valpo","Beacons","Missouri Valley Conference"
"Vanderbilt University","Vandy","Commodores","Southeastern Conference"
"Vermont","UVM","Catamounts","America East Conference"
"Villanova University","Villanova","Wildcats","Big East Conference"
"Virginia Commonwealth University","VCU","Rams","Atlantic 10 Conference"
"Virginia Tech","VT","Hokies","Atlantic Coast Conference"
"VMI","VMI","Keydets","Southern Conference"
"Wagner","Wagner","Seahawks","Northeast Conference"
"Wake Forest University","Wake Forest","Demon Deacons","Atlantic Coast Conference"
"Washington State University","Wash St.","Cougars","Pac-12 Conference"
"Weber State","Weber State","Wildcats","Big Sky Conference"
"West Virginia University","West Virginia","Mountaineers","Big 12 Conference"
"Western Carolina","Western Carolina","Catamounts","Southern Conference"
"Western Kentucky University","WKU","Hilltoppers","Conference USA"
"Western Michigan","Western Michigan","Broncos","Mid-American Conference"
"Wichita State University","Wichita State","Shockers","American Athletic Conference"
"William & Mary","William & Mary","Tribe","Coastal Athletic Association"
"Winthrop","Winthrop","Eagles","Big South Conference"
"Wisconsin","Wisconsin","Badgers","Big Ten Conference"
"Wofford","Wofford","Terriers","Southern Conference"
"Wright State","Wright State","Raiders","Horizon League"
"Wyoming","Wyoming","Cowboys","Mountain West Conference"
"Xavier University","Xavier","Musketeers","Big East Conference"
"Yale","Yale","Bulldogs","Ivy League"
"Youngstown State","YSU","Penguins","Horizon League"